{
  "accuracy": 0.85734,
  "precision": 0.9684407301517484,
  "recall": 0.386509260071974,
  "f1_score": 0.5525094102885821,
  "roc_auc": 0.9222153713190899,
  "avg_precision": 0.8728469214778943
}